$46990;2025-01-10 08:42;0US1S5wW
323BO567;$37000;2025-05-18 15:28
P296I7h0;2025-01-29 17:12;$16500
668Tswr6;$12000;2025-02-01 20:18
2025-03-22 17:21;$26000;3s9p6fPy
2025-05-08 17:54;$35500;17276L30
2025-01-31 10:50;$14500;1761v746
$47000;8gzA1686;2025-01-08 10:53
N842A11q;2025-05-22 15:20;$30000
$12500;2025-04-22 19:45;Y6762Vv0
2025-02-01 10:46;$36000;P8HJd6iE
M2373Xcb;$14990;2025-02-01 14:03
2025-06-10 21:02;7Tc4f5I1;$41990
4N702qG1;2025-03-14 15:43;$36990
$18990;2025-04-17 09:46;3S0T6368
$46000;2025-01-10 08:10;n1w2y383
2025-03-25 19:43;$37000;Bx1513Z5
$28000;dx9i43OM;2025-01-21 12:50
$31990;3HJ361Xd;2025-05-04 18:27
ET2j059U;2025-02-03 21:45;$5000
$49990;2025-04-16 22:19;eb75579R
2025-01-05 11:17;$42500;660oB5YA
f48C2gD4;2025-05-24 13:55;$9000
2025-04-12 21:25;$43500;Q89Ndn7d
$2500;2025-02-22 10:00;5Kl1v76C
